{
  "backend": "polars",
  "benchmark": "geotemporal_lane_demand_statsforecast",
  "cartoboost_version": "0.1.21",
  "comparison": {
    "best_known_mae": 0.4094745639040102,
    "best_known_method": "AutoETS",
    "best_known_rmse": 0.5859755135528043,
    "cartoboost_mae": 0.2212526073191289,
    "cartoboost_rmse": 0.3796376979370792,
    "mae_delta_vs_best_known": -0.1882219565848813,
    "rmse_delta_vs_best_known": -0.20633781561572512,
    "rmse_ratio_vs_best_known": 0.6478729727720418,
    "winner": "cartoboost_lag"
  },
  "created_at": "2026-06-18T17:39:09.444037+00:00",
  "dataset": {
    "days": 90,
    "domain": "daily NYC taxi-style pickup/dropoff lane demand",
    "horizon": 14,
    "seed": 42,
    "series": 36,
    "static_covariates": [
      "pickup_zone",
      "dropoff_zone",
      "distance_miles",
      "airport_lane",
      "pickup_borough_code"
    ]
  },
  "known_forecasting_library": "statsforecast",
  "metrics": {
    "AutoETS": {
      "bias": -0.10270867180683746,
      "mae": 0.4094745639040102,
      "mase": 0.4012941684939032,
      "rmse": 0.5859755135528043,
      "smape": 0.019599550464726775,
      "wape": 0.01958452987216318
    },
    "AutoTheta": {
      "bias": -0.06876047243031055,
      "mae": 0.4491591979163047,
      "mase": 0.4401859913610296,
      "rmse": 0.6060513921377586,
      "smape": 0.021860663063052253,
      "wape": 0.021482584034232786
    },
    "SeasonalNaive": {
      "bias": -0.452222222222222,
      "mae": 0.6569841269841272,
      "mase": 0.6438590383689673,
      "rmse": 0.8410688588913666,
      "smape": 0.03263267654650405,
      "wape": 0.03142252631710215
    },
    "cartoboost_lag": {
      "bias": -0.011279476500690944,
      "mae": 0.2212526073191289,
      "mase": 0.21683246997010447,
      "rmse": 0.3796376979370792,
      "smape": 0.010578706079492456,
      "wape": 0.0105821671950086
    }
  },
  "models": [
    "cartoboost_lag",
    "SeasonalNaive",
    "AutoTheta",
    "AutoETS"
  ]
}
