{
  "backend": "polars",
  "benchmark": "geotemporal_lane_demand_functime",
  "cartoboost_version": "0.1.21",
  "created_at": "2026-06-18T17:55:03.017559+00:00",
  "dataset": {
    "days": 90,
    "domain": "daily NYC taxi-style pickup/dropoff lane demand",
    "horizon": 14,
    "seed": 42,
    "series": 36,
    "static_covariates": [
      "pickup_zone",
      "dropoff_zone",
      "distance_miles",
      "airport_lane",
      "pickup_borough_code"
    ]
  },
  "known_forecasting_library": "functime",
  "metrics": {
    "cartoboost_lag": {
      "bias": -0.023016753147985288,
      "mae": 0.2241779676321493,
      "mase": 0.30671422128613685,
      "rmse": 0.3797647824327878,
      "smape": 0.010754010120988014,
      "wape": 0.010722082617082582
    },
    "functime_lightgbm": {
      "bias": -1.1955480645714363,
      "mae": 2.807547337262032,
      "mase": 3.8412101972718524,
      "rmse": 2.965697377959389,
      "smape": 0.14287665915313533,
      "wape": 0.13428061115661882
    },
    "functime_ridge": {
      "bias": -0.06308210565910809,
      "mae": 2.309549876373599,
      "mase": 3.1598635643614186,
      "rmse": 2.67315002930412,
      "smape": 0.11340956042604729,
      "wape": 0.11046216916099523
    },
    "functime_snaive": {
      "bias": -0.452222222222222,
      "mae": 0.6569841269841273,
      "mase": 0.8988678817712284,
      "rmse": 0.8410688588913666,
      "smape": 0.03263267654650405,
      "wape": 0.031422526317102156
    }
  },
  "models": [
    "cartoboost_lag",
    "functime_snaive",
    "functime_ridge",
    "functime_lightgbm"
  ],
  "quality": {
    "best_known_mae": 0.6569841269841273,
    "best_known_method": "functime_snaive",
    "best_known_rmse": 0.8410688588913666,
    "best_known_wape": 0.031422526317102156,
    "cartoboost_mae": 0.2241779676321493,
    "cartoboost_rmse": 0.3797647824327878,
    "cartoboost_wape": 0.010722082617082582,
    "mae_delta_vs_best_known": -0.432806159351978,
    "mae_ranking": [
      "cartoboost_lag",
      "functime_snaive",
      "functime_ridge",
      "functime_lightgbm"
    ],
    "mae_reduction_vs_best_known": 0.658777193505064,
    "rmse_delta_vs_best_known": -0.46130407645857885,
    "rmse_ranking": [
      "cartoboost_lag",
      "functime_snaive",
      "functime_ridge",
      "functime_lightgbm"
    ],
    "rmse_ratio_vs_best_known": 0.451526386238298,
    "rmse_reduction_vs_best_known": 0.548473613761702,
    "wape_ranking": [
      "cartoboost_lag",
      "functime_snaive",
      "functime_ridge",
      "functime_lightgbm"
    ],
    "wape_reduction_vs_best_known": 0.658777193505064,
    "winner": "cartoboost_lag"
  },
  "timing": {
    "load_seconds": 0.08447103801881894,
    "models": {
      "cartoboost_lag": {
        "feature_seconds": 0.0033838750096037984,
        "fit_predict_seconds": 0.7265444760560058,
        "fit_seconds": 0.27851796901086345,
        "predict_seconds": 0.44802650704514235,
        "total_seconds": 0.7299283510656096
      },
      "functime_lightgbm": {
        "fit_predict_seconds": 70.73406249895925,
        "fit_seconds": 70.26130780699896,
        "predict_seconds": 0.4727546919602901
      },
      "functime_ridge": {
        "fit_predict_seconds": 0.13883581099798903,
        "fit_seconds": 0.020986305025871843,
        "predict_seconds": 0.11784950597211719
      },
      "functime_snaive": {
        "fit_predict_seconds": 0.008925193978939205,
        "fit_seconds": 0.0048682549968361855,
        "predict_seconds": 0.00405693898210302
      }
    },
    "total_seconds": 72.09672296600183
  }
}
