{
  "cartoboost_version": "0.1.21",
  "created_at": "2026-06-18T17:18:23.987239+00:00",
  "datasets": [
    "trend_only",
    "weekly_seasonal",
    "intermittent_sparse",
    "known_future_covariate",
    "noisy_geotemporal",
    "panel_lanes"
  ],
  "metrics": {
    "intermittent_sparse": {
      "cartoboost_lag": {
        "bias": -0.043879513277310864,
        "coverage_80": 0.0,
        "coverage_95": 0.0,
        "mae": 4.058291052484993,
        "mase": 0.6740890222771684,
        "rmse": 6.601679621733006,
        "smape": 1.9111556636639506,
        "wape": 1.556604787254518
      },
      "naive": {
        "bias": 14.892857142857142,
        "coverage_80": 0.0,
        "coverage_95": 0.0,
        "mae": 15.107142857142858,
        "mase": 2.509322033898305,
        "rmse": 16.204606928718935,
        "smape": 1.7202660406885761,
        "wape": 5.794520547945205
      },
      "optimized_theta": {
        "bias": 1.518337045996358,
        "coverage_80": 0.0,
        "coverage_95": 0.0,
        "mae": 5.553914216528012,
        "mase": 0.9225145647792292,
        "rmse": 6.564863991125759,
        "smape": 1.8946296829432832,
        "wape": 2.130268466613484
      },
      "seasonal_naive": {
        "bias": 2.3214285714285716,
        "coverage_80": 0.0,
        "coverage_95": 0.0,
        "mae": 7.535714285714286,
        "mase": 1.2516949152542374,
        "rmse": 11.51629280628102,
        "smape": 2.0,
        "wape": 2.8904109589041096
      },
      "theta": {
        "bias": 2.617893301446466,
        "coverage_80": 0.0,
        "coverage_95": 0.0,
        "mae": 6.339311541849517,
        "mase": 1.0529703916970383,
        "rmse": 6.902586558015877,
        "smape": 1.8728030580245838,
        "wape": 2.431516755777897
      },
      "weighted_ensemble": {
        "bias": 6.300382453869669,
        "coverage_80": 0.0,
        "coverage_95": 0.0,
        "mae": 8.969660936437519,
        "mase": 1.4898758843574185,
        "rmse": 8.971430894406529,
        "smape": 1.8125602157743,
        "wape": 3.4404178934280893
      }
    },
    "known_future_covariate": {
      "cartoboost_lag": {
        "bias": -0.997395418426492,
        "coverage_80": 0.0,
        "coverage_95": 0.0,
        "mae": 1.1207440004933622,
        "mase": 0.4902499796897679,
        "rmse": 1.3206439905191236,
        "smape": 0.044082809296477676,
        "wape": 0.043829881087014036
      },
      "naive": {
        "bias": -1.5575150534981286,
        "coverage_80": 0.0,
        "coverage_95": 0.0,
        "mae": 1.6958936632433168,
        "mase": 0.7418392010977054,
        "rmse": 1.9506261343477442,
        "smape": 0.06755813463151897,
        "wape": 0.06632274414447373
      },
      "optimized_theta": {
        "bias": -1.675362947227082,
        "coverage_80": 0.0,
        "coverage_95": 0.0,
        "mae": 1.7800707301925693,
        "mase": 0.7786609956770641,
        "rmse": 2.0459545887112354,
        "smape": 0.07106469429773804,
        "wape": 0.06961472771343792
      },
      "seasonal_naive": {
        "bias": -2.1514728694957634,
        "coverage_80": 0.0,
        "coverage_95": 0.0,
        "mae": 2.252221987749435,
        "mase": 0.9851953552862662,
        "rmse": 2.4996426613974845,
        "smape": 0.09109153956676831,
        "wape": 0.0880795452495494
      },
      "theta": {
        "bias": -1.7416655001829493,
        "coverage_80": 0.0,
        "coverage_95": 0.0,
        "mae": 1.8082023643028944,
        "mase": 0.7909666899704583,
        "rmse": 2.088153425416132,
        "smape": 0.07223950344720628,
        "wape": 0.07071489526043898
      },
      "weighted_ensemble": {
        "bias": -1.6864203661775037,
        "coverage_80": 0.0,
        "coverage_95": 0.0,
        "mae": 1.7745097539850214,
        "mase": 0.7762284433086325,
        "rmse": 2.046020852671592,
        "smape": 0.0708320215889768,
        "wape": 0.06939724992564941
      }
    },
    "noisy_geotemporal": {
      "cartoboost_lag": {
        "bias": -6.243113632450199,
        "coverage_80": 0.0,
        "coverage_95": 0.0,
        "mae": 6.243113632450199,
        "mase": 2.2795273322657206,
        "rmse": 6.517692180742618,
        "smape": 0.15084900198743692,
        "wape": 0.14090535362615314
      },
      "naive": {
        "bias": -1.90714285714286,
        "coverage_80": 0.0,
        "coverage_95": 0.0,
        "mae": 1.90714285714286,
        "mase": 0.69634873323398,
        "rmse": 2.551610135916985,
        "smape": 0.04324646391010046,
        "wape": 0.04304368853780435
      },
      "optimized_theta": {
        "bias": -2.472143133623001,
        "coverage_80": 0.0,
        "coverage_95": 0.0,
        "mae": 2.472143133623001,
        "mase": 0.9026454064644339,
        "rmse": 2.997500972690854,
        "smape": 0.05664825072314261,
        "wape": 0.05579558902260522
      },
      "seasonal_naive": {
        "bias": -4.521428571428571,
        "coverage_80": 0.0,
        "coverage_95": 0.0,
        "mae": 4.521428571428571,
        "mase": 1.6508941877794334,
        "rmse": 4.889273974732855,
        "smape": 0.10711521076216486,
        "wape": 0.10204739642108658
      },
      "theta": {
        "bias": -3.312758158180062,
        "coverage_80": 0.0,
        "coverage_95": 0.0,
        "mae": 3.312758158180062,
        "mase": 1.2095763766827348,
        "rmse": 3.4648397691373796,
        "smape": 0.07712653813527648,
        "wape": 0.07476803839194078
      },
      "weighted_ensemble": {
        "bias": -2.8910735678689043,
        "coverage_80": 0.0,
        "coverage_95": 0.0,
        "mae": 2.8910735678689043,
        "mase": 1.0556080836481094,
        "rmse": 3.131667032776459,
        "smape": 0.06680423963402594,
        "wape": 0.06525073343569993
      }
    },
    "panel_lanes": {
      "cartoboost_lag": {
        "bias": -2.2332306066200434,
        "coverage_80": 0.0,
        "coverage_95": 0.0,
        "mae": 2.4329576770101866,
        "mase": 0.9365360095604065,
        "rmse": 3.427838600188069,
        "smape": 0.05044039030361439,
        "wape": 0.053599214474246815
      },
      "naive": {
        "bias": 0.22500000000000245,
        "coverage_80": 0.0,
        "coverage_95": 0.0,
        "mae": 1.7750000000000006,
        "mase": 0.68326359832636,
        "rmse": 2.103865489996925,
        "smape": 0.039880913759450326,
        "wape": 0.03910409399669544
      },
      "optimized_theta": {
        "bias": -0.012437279197171287,
        "coverage_80": 0.0,
        "coverage_95": 0.0,
        "mae": 1.7535714285714281,
        "mase": 0.6750149432157798,
        "rmse": 2.0918364386141257,
        "smape": 0.039402008214695,
        "wape": 0.03863201237902907
      },
      "seasonal_naive": {
        "bias": -2.625,
        "coverage_80": 0.0,
        "coverage_95": 0.0,
        "mae": 2.625,
        "mase": 1.010460251046025,
        "rmse": 2.766992952647332,
        "smape": 0.06067241272011422,
        "wape": 0.05782999816412704
      },
      "theta": {
        "bias": -1.297017639167997,
        "coverage_80": 0.0,
        "coverage_95": 0.0,
        "mae": 1.7377062517733737,
        "mase": 0.668907845870922,
        "rmse": 2.131864854532261,
        "smape": 0.03898315735190024,
        "wape": 0.03828249499041763
      },
      "weighted_ensemble": {
        "bias": -0.8404123474176008,
        "coverage_80": 0.0,
        "coverage_95": 0.0,
        "mae": 1.6689546214767994,
        "mase": 0.6424427831626173,
        "rmse": 1.9911819189301683,
        "smape": 0.03745088753900615,
        "wape": 0.036767863884196055
      }
    },
    "trend_only": {
      "cartoboost_lag": {
        "bias": -14.043455679144541,
        "coverage_80": 0.0,
        "coverage_95": 0.0,
        "mae": 14.043455679144541,
        "mase": 2.5077599427043817,
        "rmse": 14.733343647112248,
        "smape": 0.22200589154147204,
        "wape": 0.20062079541635058
      },