{
  "backend": "polars",
  "benchmark": "geotemporal_lane_demand_functime",
  "cartoboost_version": "0.1.21",
  "created_at": "2026-06-18T18:07:45.209061+00:00",
  "dataset": {
    "days": 90,
    "domain": "daily NYC taxi-style pickup/dropoff lane demand",
    "horizon": 14,
    "seed": 42,
    "series": 36,
    "static_covariates": [
      "pickup_zone",
      "dropoff_zone",
      "distance_miles",
      "airport_lane",
      "pickup_borough_code"
    ]
  },
  "known_forecasting_library": "functime",
  "metrics": {
    "cartoboost_lag": {
      "bias": -0.023016753147985288,
      "mae": 0.2241779676321493,
      "mase": 0.30671422128613685,
      "rmse": 0.3797647824327878,
      "smape": 0.010754010120988014,
      "wape": 0.010722082617082582
    },
    "functime_lightgbm": {
      "bias": -1.1955480645714363,
      "mae": 2.807547337262032,
      "mase": 3.8412101972718524,
      "rmse": 2.965697377959389,
      "smape": 0.14287665915313533,
      "wape": 0.13428061115661882
    },
    "functime_ridge": {
      "bias": -0.06308209619805337,
      "mae": 2.309549836637169,
      "mase": 3.1598635099951116,
      "rmse": 2.673149992677519,
      "smape": 0.11340955884087621,
      "wape": 0.11046216726046376
    },
    "functime_snaive": {
      "bias": -0.452222222222222,
      "mae": 0.6569841269841273,
      "mase": 0.8988678817712284,
      "rmse": 0.8410688588913666,
      "smape": 0.03263267654650405,
      "wape": 0.031422526317102156
    }
  },
  "models": [
    "cartoboost_lag",
    "functime_snaive",
    "functime_ridge",
    "functime_lightgbm"
  ],
  "quality": {
    "best_known_mae": 0.6569841269841273,
    "best_known_method": "functime_snaive",
    "best_known_rmse": 0.8410688588913666,
    "best_known_wape": 0.031422526317102156,
    "cartoboost_mae": 0.2241779676321493,
    "cartoboost_rmse": 0.3797647824327878,
    "cartoboost_wape": 0.010722082617082582,
    "mae_delta_vs_best_known": -0.432806159351978,
    "mae_ranking": [
      "cartoboost_lag",
      "functime_snaive",
      "functime_ridge",
      "functime_lightgbm"
    ],
    "mae_reduction_vs_best_known": 0.658777193505064,
    "rmse_delta_vs_best_known": -0.46130407645857885,
    "rmse_ranking": [
      "cartoboost_lag",
      "functime_snaive",
      "functime_ridge",
      "functime_lightgbm"
    ],
    "rmse_ratio_vs_best_known": 0.451526386238298,
    "rmse_reduction_vs_best_known": 0.548473613761702,
    "wape_ranking": [
      "cartoboost_lag",
      "functime_snaive",
      "functime_ridge",
      "functime_lightgbm"
    ],
    "wape_reduction_vs_best_known": 0.658777193505064,
    "winner": "cartoboost_lag"
  },
  "timing": {
    "load_seconds": 0.12158955301856622,
    "models": {
      "cartoboost_lag": {
        "feature_seconds": 0.003121608984656632,
        "fit_predict_seconds": 0.6022926039877348,
        "fit_seconds": 0.2716728880186565,
        "predict_seconds": 0.33061971596907824,
        "total_seconds": 0.6054142129723914
      },
      "functime_lightgbm": {
        "fit_predict_seconds": 0.25652576703578234,
        "fit_seconds": 0.10009065904887393,
        "predict_seconds": 0.1564351079869084
      },
      "functime_ridge": {
        "fit_predict_seconds": 0.13865795300807804,
        "fit_seconds": 0.028618626995012164,
        "predict_seconds": 0.11003932601306587
      },
      "functime_snaive": {
        "fit_predict_seconds": 0.008985091000795364,
        "fit_seconds": 0.004781403986271471,
        "predict_seconds": 0.004203687014523894
      }
    },
    "total_seconds": 1.840796923963353
  }
}
