{
  "backend": "duckdb",
  "benchmark": "geotemporal_lane_demand_functime",
  "cartoboost_version": "0.1.21",
  "comparison": {
    "best_known_mae": 0.6569841269841273,
    "best_known_method": "functime_snaive",
    "best_known_rmse": 0.8410688588913666,
    "cartoboost_mae": 0.2241779676321493,
    "cartoboost_rmse": 0.3797647824327878,
    "mae_delta_vs_best_known": -0.432806159351978,
    "rmse_delta_vs_best_known": -0.46130407645857885,
    "rmse_ratio_vs_best_known": 0.451526386238298,
    "winner": "cartoboost_lag"
  },
  "created_at": "2026-06-18T17:50:16.832255+00:00",
  "dataset": {
    "days": 90,
    "domain": "daily NYC taxi-style pickup/dropoff lane demand",
    "horizon": 14,
    "seed": 42,
    "series": 36,
    "static_covariates": [
      "pickup_zone",
      "dropoff_zone",
      "distance_miles",
      "airport_lane",
      "pickup_borough_code"
    ]
  },
  "known_forecasting_library": "functime",
  "metrics": {
    "cartoboost_lag": {
      "bias": -0.023016753147985288,
      "mae": 0.2241779676321493,
      "mase": 0.30671422128613685,
      "rmse": 0.3797647824327878,
      "smape": 0.010754010120988014,
      "wape": 0.010722082617082582
    },
    "functime_lightgbm": {
      "bias": -1.1955480645714363,
      "mae": 2.807547337262032,
      "mase": 3.8412101972718524,
      "rmse": 2.965697377959389,
      "smape": 0.14287665915313533,
      "wape": 0.13428061115661882
    },
    "functime_ridge": {
      "bias": -0.0630821264734285,
      "mae": 2.3095498328527473,
      "mase": 3.1598635048173684,
      "rmse": 2.673149966798347,
      "smape": 0.11340955855232841,
      "wape": 0.11046216707946076
    },
    "functime_snaive": {
      "bias": -0.452222222222222,
      "mae": 0.6569841269841273,
      "mase": 0.8988678817712284,
      "rmse": 0.8410688588913666,
      "smape": 0.03263267654650405,
      "wape": 0.031422526317102156
    }
  },
  "models": [
    "cartoboost_lag",
    "functime_snaive",
    "functime_ridge",
    "functime_lightgbm"
  ]
}
