{
  "benchmark": "geotemporal_lane_demand_forecasting_libraries",
  "cartoboost_version": "0.1.23",
  "comparison_libraries": [
    "functime",
    "statsforecast",
    "prophet"
  ],
  "created_at": "2026-06-18T20:32:44.320604+00:00",
  "dataset": {
    "days": 90,
    "domain": "daily NYC taxi-style pickup/dropoff lane demand",
    "horizon": 14,
    "seed": 42,
    "series": 36,
    "static_covariates": [
      "pickup_zone",
      "dropoff_zone",
      "distance_miles",
      "airport_lane",
      "pickup_borough_code"
    ]
  },
  "fixture_source": "duckdb",
  "forecasting_library_models": {
    "functime": [
      "functime_snaive",
      "functime_ridge",
      "functime_lightgbm"
    ],
    "prophet": [
      "prophet_additive"
    ],
    "statsforecast": [
      "statsforecast_seasonal_naive",
      "statsforecast_autoets"
    ]
  },
  "metrics": {
    "cartoboost_lag": {
      "bias": -0.023016753147985288,
      "mae": 0.2241779676321493,
      "mase": 0.30671422128613685,
      "rmse": 0.3797647824327878,
      "smape": 0.010754010120988014,
      "wape": 0.010722082617082582
    },
    "functime_lightgbm": {
      "bias": -1.1955480645714363,
      "mae": 2.807547337262032,
      "mase": 3.8412101972718524,
      "rmse": 2.965697377959389,
      "smape": 0.14287665915313533,
      "wape": 0.13428061115661882
    },
    "functime_ridge": {
      "bias": -0.06308214539553794,
      "mae": 2.3095499009723413,
      "mase": 3.1598635980167513,
      "rmse": 2.6731500459318758,
      "smape": 0.11340956167861851,
      "wape": 0.11046217033751472
    },
    "functime_snaive": {
      "bias": -0.452222222222222,
      "mae": 0.6569841269841273,
      "mase": 0.8988678817712284,
      "rmse": 0.8410688588913666,
      "smape": 0.03263267654650405,
      "wape": 0.031422526317102156
    },
    "prophet_additive": {
      "bias": 0.0054241372766972796,
      "mae": 0.3771971489875187,
      "mase": 0.5160709192122519,
      "rmse": 0.49884249693701416,
      "smape": 0.018239896885825356,
      "wape": 0.018040751448904584
    },
    "statsforecast_autoets": {
      "bias": -0.022907045042930615,
      "mae": 0.39776875899197844,
      "mase": 0.5442164386393586,
      "rmse": 0.5507932003685023,
      "smape": 0.019062145685165552,
      "wape": 0.01902465947681637
    },
    "statsforecast_seasonal_naive": {
      "bias": -0.452222222222222,
      "mae": 0.6569841269841273,
      "mase": 0.8988678817712284,
      "rmse": 0.8410688588913666,
      "smape": 0.03263267654650405,
      "wape": 0.031422526317102156
    }
  },
  "model_libraries": {
    "cartoboost_lag": "cartoboost",
    "functime_lightgbm": "functime",
    "functime_ridge": "functime",
    "functime_snaive": "functime",
    "prophet_additive": "prophet",
    "statsforecast_autoets": "statsforecast",
    "statsforecast_seasonal_naive": "statsforecast"
  },
  "models": [
    "cartoboost_lag",
    "functime_snaive",
    "functime_ridge",
    "functime_lightgbm",
    "statsforecast_seasonal_naive",
    "statsforecast_autoets",
    "prophet_additive"
  ],
  "quality": {
    "best_forecasting_library": "prophet",
    "best_forecasting_library_mae": 0.3771971489875187,
    "best_forecasting_library_model": "prophet_additive",
    "best_forecasting_library_rmse": 0.49884249693701416,
    "best_forecasting_library_wape": 0.018040751448904584,
    "best_functime_method": "functime_snaive",
    "best_functime_rmse": 0.8410688588913666,
    "best_prophet_method": "prophet_additive",
    "best_prophet_rmse": 0.49884249693701416,
    "best_statsforecast_method": "statsforecast_autoets",
    "best_statsforecast_rmse": 0.5507932003685023,
    "cartoboost_mae": 0.2241779676321493,
    "cartoboost_rmse": 0.3797647824327878,
    "cartoboost_wape": 0.010722082617082582,
    "comparison_libraries": [
      "functime",
      "statsforecast",
      "prophet"
    ],
    "forecasting_library_models": {
      "functime": [
        "functime_snaive",
        "functime_ridge",
        "functime_lightgbm"
      ],
      "prophet": [
        "prophet_additive"
      ],
      "statsforecast": [
        "statsforecast_seasonal_naive",
        "statsforecast_autoets"
      ]
    },
    "mae_delta_vs_best_forecasting_library": -0.1530191813553694,
    "mae_ranking": [
      "cartoboost_lag",
      "prophet_additive",
      "statsforecast_autoets",
      "functime_snaive",
      "statsforecast_seasonal_naive",
      "functime_ridge",
      "functime_lightgbm"
    ],
    "mae_reduction_vs_best_forecasting_library": 0.40567427873224127,
    "model_libraries": {
      "cartoboost_lag": "cartoboost",
      "functime_lightgbm": "functime",
      "functime_ridge": "functime",
      "functime_snaive": "functime",
      "prophet_additive": "prophet",
      "statsforecast_autoets": "statsforecast",
      "statsforecast_seasonal_naive": "statsforecast"
    },
    "rmse_delta_vs_best_forecasting_library": -0.11907771450422638,
    "rmse_ranking": [
      "cartoboost_lag",
      "prophet_additive",
      "statsforecast_autoets",
      "functime_snaive",
      "statsforecast_seasonal_naive",
      "functime_ridge",
      "functime_lightgbm"
    ],
    "rmse_ratio_vs_best_forecasting_library": 0.7612919604175953,
    "rmse_reduction_vs_best_forecasting_library": 0.23870803958240472,
    "wape_ranking": [
      "cartoboost_lag",
      "prophet_additive",
      "statsforecast_autoets",
      "functime_snaive",
      "statsforecast_seasonal_naive",
      "functime_ridge",
      "functime_lightgbm"
    ],
    "wape_reduction_vs_best_forecasting_library": 0.40567427873224116,
    "winner": "cartoboost_lag"
  },
  "timing": {
    "load_seconds": 0.371371106011793,
    "models": {
      "cartoboost_lag": {
        "feature_seconds": 0.0029052350437268615,
        "fit_predict_seconds": 0.5573597439797595,
        "fit_seconds": 0.2568613049807027,
        "predict_seconds": 0.3004984389990568,
        "total_seconds": 0.5602649790234864
      },
      "functime_lightgbm": {
        "fit_predict_seconds": 0.34730989794479683,
        "fit_seconds": 0.17169341095723212,
        "predict_seconds": 0.1756164869875647
      },
      "functime_ridge": {
        "fit_predict_seconds": 0.13945413596229628,
        "fit_seconds": 0.02186115097720176,
        "predict_seconds": 0.11759298498509452
      },
      "functime_snaive": {
        "fit_predict_seconds": 0.007971380022354424,
        "fit_seconds": 0.004329736984800547,
        "predict_seconds": 0.0036416430375538766
      },
      "prophet_additive": {
        "fit_predict_seconds": 5.388503137102816,
        "fit_seconds": 5.021354328084271,
        "predict_seconds": 0.36714880901854485
      },
      "statsforecast_autoets": {
        "fit_predict_seconds": 0.5026846490218304,
        "fit_seconds": 0.5026846490218304,
        "predict_seconds": 0.0
      },
      "statsforecast_seasonal_naive": {
        "fit_predict_seconds": 0.0061194669688120484,
        "fit_seconds": 0.0061194669688120484,
        "predict_seconds": 0.0
      }
    },
    "total_seconds": 8.50815633405
  }
}
